{"name":"fe0dffc4-ec66-4f72-8b80-a6dfe0517f0e","id":"/providers/Microsoft.Flow/flows/fe0dffc4-ec66-4f72-8b80-a6dfe0517f0e","type":"Microsoft.Flow/flows","properties":{"apiId":"/providers/Microsoft.PowerApps/apis/shared_logicflows","displayName":"Version1","definition":{"metadata":{"workflowEntityId":null,"creator":{"id":"ee4f33f7-2a2b-4eea-bfd5-2e73aebd6b38","type":"User","tenantId":"b9da784e-7aee-4892-ac99-0f5a539e2571"},"provisioningMethod":"FromDefinition","failureAlertSubscription":true,"clientLastModifiedTime":"2019-03-12T23:39:43.7503233Z"},"$schema":"https://schema.management.azure.com/providers/Microsoft.Logic/schemas/2016-06-01/workflowdefinition.json#","contentVersion":"1.0.0.0","parameters":{"$connections":{"defaultValue":{},"type":"Object"},"$authentication":{"defaultValue":{},"type":"SecureObject"}},"triggers":{"Cuando_se_crea_un_archivo_en_una_carpeta":{"recurrence":{"interval":5,"frequency":"Minute"},"metadata":{"%252fCases":"/Cases","flowSystemMetadata":{"swaggerOperationId":"OnNewFile"}},"type":"ApiConnection","inputs":{"host":{"connection":{"name":"@parameters('$connections')['shared_sharepointonline']['connectionId']"},"api":{"runtimeUrl":"https://unitedstates-002.azure-apim.net/apim/sharepointonline"}},"method":"get","path":"/datasets/@{encodeURIComponent(encodeURIComponent('https://ctplc.sharepoint.com/sites/FileSystemDev'))}/triggers/onnewfile","queries":{"folderId":"%252fCases","queryParametersSingleEncoded":true,"inferContentType":true},"authentication":"@parameters('$authentication')"}}},"actions":{"HTTP":{"runAfter":{},"type":"Http","inputs":{"method":"POST","uri":"https://sistemadearchivoscta.com/api/get-name-file-cases","headers":{"Content-Type":"application/json; charset=utf-8","Accept":"application/json; charset=utf-8"},"body":{"fullpath":"@{base64ToString(triggerOutputs()['headers']['x-ms-file-path-encoded'])}"}}},"Condición":{"actions":{"Análisis_del_archivo_JSON":{"runAfter":{},"type":"ParseJson","inputs":{"content":"@body('HTTP')","schema":{"type":"object","properties":{"data":{"type":"object","properties":{"fullPath":{"type":"string"},"namefile":{"type":"string"},"path":{"type":"string"}}}}}}},"Enviar_una_solicitud_HTTP_a_SharePoint":{"runAfter":{"Análisis_del_archivo_JSON":["Succeeded"]},"metadata":{"flowSystemMetadata":{"swaggerOperationId":"HttpRequest"}},"type":"ApiConnection","inputs":{"host":{"connection":{"name":"@parameters('$connections')['shared_sharepointonline']['connectionId']"},"api":{"runtimeUrl":"https://unitedstates-002.azure-apim.net/apim/sharepointonline"}},"method":"post","body":{"method":"POST","uri":"_api/web/getfilebyserverrelativeurl('/sites/FileSystemDev@{base64ToString(triggerOutputs()['headers']['x-ms-file-path-encoded'])}')/moveto(newurl='/sites/FileSystemDev/@{body('Análisis_del_archivo_JSON')?['data']?['fullPath']}',flags=1)","headers":{"Content-Type":"application/json;odata=verbose","Accept":"application/json"}},"path":"/datasets/@{encodeURIComponent(encodeURIComponent('https://ctplc.sharepoint.com/sites/FileSystemDev'))}/httprequest","authentication":"@parameters('$authentication')"}}},"runAfter":{"HTTP":["Succeeded"]},"expression":{"equals":["@outputs('HTTP')['statusCode']",200]},"type":"If"}},"outputs":{}},"connectionReferences":{"shared_sharepointonline":{"connectionName":"shared-sharepointonl-fbc6d5d0-013f-4042-8d9c-caf769f2a16f","source":"Embedded","id":"/providers/Microsoft.PowerApps/apis/shared_sharepointonline","tier":"NotSpecified"}},"flowFailureAlertSubscribed":false}}